Output,Feedback,Relative_Output
true,Negative ,5.980066445182724
false,Negative ,60.91954022988506
true,Positive,94.01993355481727
false,Positive,39.08045977011494